Country / Region,Disease,2023.00,2022.00,2021.00,2020.00,2019.00,2018.00,2017.00,2016.00,2015.00,2014.00,2013.00,2012.00,2011.00,2010.00,2009.00,2008.00,2007.00,2006.00,2005.00,2004.00,2003.00,2002.00,2001.00,2000.00,1999.00,1998.00,1997.00,1996.00,1995.00,1994.00,1993.00,1992.00,1991.00,1990.00,1989.00,1988.00,1987.00,1986.00,1985.00,1984.00,1983.00,1982.00,1981.00,1980.00
Afghanistan,Measles,2792.00,5166.00,2900.00,640.00,353.00,2012.00,1511.00,638.00,1154.00,492.00,430.00,2787.00,3013.00,1989.00,2861.00,1599.00,1141.00,1990.00,1296.00,466.00,798.00,2486.00,8762.00,6532.00,3609.00,2205.00,,,,,,,792.00,1609.00,1170.00,4561.00,10357.00,8107.00,14457.00,16199.00,18808.00,20320.00,31107.00,32455.00
Albania,Measles,13.00,1.00,,4.00,488.00,1469.00,12.00,17.00,,,0.00,9.00,28.00,10.00,0.00,,22.00,68.00,6.00,7.00,8.00,16.00,18.00,662.00,797.00,1901.00,2386.00,1204.00,15.00,29.00,7.00,0.00,0.00,,136034.00,0.00,0.00,0.00,0.00,0.00,17.00,3.00,,
Algeria,Measles,203.00,47.00,,,2585.00,3356.00,112.00,41.00,63.00,0.00,25.00,18.00,112.00,103.00,107.00,217.00,0.00,944.00,2302.00,3289.00,15374.00,5862.00,2686.00,,2503.00,3301.00,19573.00,21003.00,8204.00,5913.00,3141.00,8823.00,5969.00,1796.00,4169.00,2634.00,2500.00,3975.00,20114.00,22553.00,22126.00,29584.00,20849.00,15527.00
American Samoa,Measles,,,,,,,,,,,,,0.00,,,0.00,0.00,,0.00,0.00,,,0.00,1.00,0.00,2.00,12.00,0.00,0.00,0.00,0.00,0.00,19.00,498.00,2.00,3.00,1.00,2.00,28.00,0.00,0.00,2.00,3.00,16.00
Andorra,Measles,0.00,0.00,0.00,0.00,0.00,0.00,0.00,0.00,0.00,0.00,0.00,0.00,0.00,0.00,0.00,0.00,0.00,0.00,0.00,0.00,0.00,1.00,5.00,2.00,2.00,,5.00,,,,,,,,,,,,,,,,,
Angola,Measles,3508.00,3271.00,300.00,1085.00,2987.00,57.00,29.00,53.00,119.00,11699.00,8523.00,4458.00,1449.00,1190.00,2807.00,265.00,1014.00,765.00,258.00,29.00,1196.00,11945.00,9046.00,2219.00,350.00,2576.00,8183.00,251.00,635.00,5480.00,9273.00,16772.00,18382.00,29069.00,19820.00,21009.00,13368.00,15580.00,22822.00,22685.00,22589.00,30067.00,19714.00,29656.00
Anguilla,Measles,0.00,0.00,0.00,0.00,0.00,0.00,0.00,,,,,,,,,,,,,,0.00,,0.00,0.00,0.00,0.00,0.00,0.00,0.00,0.00,0.00,0.00,1.00,15.00,7.00,2.00,0.00,0.00,0.00,0.00,0.00,1.00,0.00,0.00
Antigua and Barbuda,Measles,0.00,0.00,0.00,0.00,0.00,1.00,0.00,0.00,0.00,0.00,0.00,0.00,0.00,0.00,0.00,0.00,0.00,0.00,0.00,0.00,0.00,0.00,0.00,0.00,0.00,0.00,0.00,0.00,0.00,0.00,0.00,0.00,0.00,0.00,0.00,0.00,0.00,0.00,1.00,1.00,10.00,0.00,247.00,2291.00
Argentina,Measles,0.00,2.00,0.00,69.00,130.00,14.00,3.00,0.00,0.00,1.00,0.00,2.00,3.00,17.00,3.00,0.00,0.00,0.00,0.00,0.00,0.00,0.00,0.00,6.00,313.00,10229.00,125.00,59.00,655.00,134.00,5087.00,20551.00,42093.00,1967.00,4009.00,4751.00,8024.00,6448.00,9240.00,31751.00,7106.00,4432.00,17582.00,16102.00
Armenia,Measles,554.00,0.00,0.00,0.00,7.00,19.00,1.00,2.00,33.00,13.00,10.00,0.00,0.00,2.00,0.00,0.00,1.00,137.00,2281.00,1783.00,4.00,40.00,69.00,15.00,41.00,52.00,802.00,2027.00,187.00,149.00,338.00,46.00,192.00,879.00,,,,,,,,,,
Aruba,Measles,,0.00,0.00,,1.00,0.00,0.00,,,,,,,,,,,,,,,,,,,,,,,,,,,,,,,,,,,,,
Australia,Measles,26.00,7.00,0.00,25.00,286.00,103.00,81.00,99.00,74.00,340.00,158.00,199.00,190.00,70.00,104.00,65.00,11.00,,10.00,70.00,91.00,32.00,141.00,108.00,235.00,327.00,853.00,498.00,1198.00,4895.00,4536.00,1425.00,1380.00,880.00,169.00,248.00,,,,,,,,
Austria,Measles,186.00,1.00,1.00,25.00,151.00,77.00,95.00,27.00,309.00,117.00,,36.00,68.00,52.00,49.00,448.00,20.00,23.00,9.00,15.00,90.00,,0.00,,1.00,0.00,0.00,,,,60.00,,,,,,,,,,,,,
Azerbaijan,Measles,13207.00,1.00,0.00,2.00,281.00,55.00,0.00,0.00,0.00,0.00,164.00,0.00,0.00,0.00,,5.00,0.00,222.00,1238.00,827.00,1978.00,4353.00,574.00,210.00,1081.00,2891.00,678.00,151.00,474.00,6478.00,1321.00,535.00,6122.00,2026.00,,,,,,,,,,
Bahamas,Measles,0.00,0.00,0.00,0.00,3.00,0.00,0.00,0.00,0.00,0.00,0.00,0.00,0.00,0.00,0.00,0.00,0.00,0.00,0.00,0.00,0.00,0.00,0.00,0.00,0.00,0.00,1.00,0.00,0.00,0.00,0.00,0.00,0.00,72.00,59.00,22.00,42.00,85.00,26.00,36.00,2868.00,50.00,45.00,484.00
Bahrain,Measles,3.00,18.00,0.00,0.00,3.00,0.00,0.00,0.00,0.00,46.00,,0.00,0.00,0.00,3.00,2.00,7.00,3.00,4.00,11.00,12.00,8.00,5.00,6.00,38.00,4.00,4.00,74.00,3.00,0.00,2.00,12.00,7.00,59.00,181.00,5.00,22.00,97.00,1910.00,1134.00,438.00,1147.00,329.00,1861.00
Bangladesh,Measles,281.00,311.00,203.00,2410.00,5827.00,2263.00,4001.00,972.00,240.00,289.00,237.00,1986.00,5625.00,788.00,718.00,2660.00,2924.00,6192.00,25934.00,9743.00,4067.00,3484.00,4414.00,5098.00,5666.00,6522.00,10329.00,4929.00,4995.00,9571.00,5443.00,5768.00,9292.00,1705.00,27327.00,11471.00,13631.00,14352.00,11699.00,11851.00,9569.00,18116.00,10441.00,11077.00
Barbados,Measles,0.00,0.00,0.00,0.00,0.00,0.00,0.00,0.00,0.00,0.00,0.00,0.00,0.00,0.00,0.00,0.00,0.00,0.00,0.00,0.00,0.00,0.00,0.00,0.00,0.00,0.00,0.00,0.00,0.00,0.00,0.00,0.00,2.00,51.00,2.00,1.00,2.00,2.00,7.00,5.00,6.00,6.00,41.00,27.00
Belarus,Measles,193.00,0.00,3.00,0.00,201.00,259.00,1.00,10.00,2.00,64.00,16.00,10.00,50.00,1.00,0.00,0.00,1.00,149.00,1.00,2.00,21.00,14.00,45.00,21.00,153.00,517.00,135.00,395.00,1516.00,820.00,3874.00,2324.00,1351.00,224.00,,,,,,,,,,
Belgium,Measles,67.00,8.00,7.00,47.00,480.00,117.00,367.00,,47.00,70.00,39.00,109.00,576.00,40.00,33.00,98.00,64.00,15.00,26.00,61.00,44.00,,83.00,,,0.00,3869.00,7221.00,10650.00,11346.00,7373.00,9565.00,7216.00,,81044.00,47616.00,,,,,,,,
Belize,Measles,0.00,0.00,0.00,0.00,0.00,0.00,0.00,0.00,0.00,0.00,0.00,0.00,0.00,0.00,0.00,0.00,0.00,0.00,0.00,0.00,0.00,0.00,0.00,0.00,0.00,0.00,0.00,0.00,4.00,0.00,0.00,11.00,7.00,25.00,2.00,74.00,224.00,124.00,7.00,4.00,11.00,6.00,186.00,607.00
Benin,Measles,478.00,455.00,35.00,18.00,437.00,493.00,97.00,89.00,55.00,786.00,637.00,288.00,426.00,392.00,1461.00,928.00,341.00,176.00,210.00,262.00,217.00,1588.00,5859.00,4244.00,2573.00,648.00,9521.00,1365.00,10469.00,7557.00,4102.00,3049.00,5396.00,,3281.00,5275.00,13180.00,7374.00,13210.00,13437.00,11774.00,11850.00,12378.00,18635.00
Bermuda,Measles,0.00,0.00,0.00,0.00,0.00,0.00,0.00,,,,,,,,,,,,,0.00,,0.00,0.00,0.00,0.00,0.00,0.00,0.00,0.00,0.00,0.00,0.00,2.00,1.00,1.00,4.00,56.00,4.00,0.00,3.00,1.00,20.00,4.00,22.00
Bhutan,Measles,10.00,7.00,,,2.00,18.00,66.00,45.00,11.00,0.00,0.00,1.00,10.00,21.00,6.00,7.00,11.00,2.00,11.00,3.00,0.00,27.00,756.00,418.00,9920.00,66.00,169.00,9.00,148.00,683.00,505.00,103.00,441.00,173.00,554.00,382.00,673.00,948.00,819.00,1321.00,1356.00,1868.00,1102.00,1642.00
Bolivia (Plurinational State of),Measles,0.00,0.00,0.00,2.00,0.00,0.00,0.00,0.00,0.00,0.00,0.00,0.00,0.00,0.00,0.00,0.00,0.00,0.00,0.00,0.00,0.00,0.00,0.00,122.00,1441.00,1004.00,7.00,7.00,76.00,1441.00,3391.00,4937.00,2108.00,820.00,669.00,1793.00,987.00,346.00,217.00,1270.00,2034.00,720.00,7654.00,4181.00
Bosnia and Herzegovina,Measles,13.00,6.00,,,1404.00,62.00,18.00,133.00,1677.00,3000.00,,22.00,10.00,45.00,22.00,8.00,166.00,17.00,23.00,28.00,18.00,28.00,,43.00,133.00,2811.00,3937.00,,125.00,875.00,249.00,144.00,179.00,512.00,,,,,,,,,,
Botswana,Measles,63.00,1.00,0.00,5.00,0.00,0.00,0.00,1.00,0.00,1.00,1.00,7.00,8.00,853.00,184.00,0.00,1.00,6.00,5.00,1.00,59.00,7.00,1.00,2672.00,439.00,700.00,5032.00,1030.00,478.00,2447.00,5327.00,566.00,565.00,1218.00,3771.00,711.00,126.00,1018.00,1684.00,9249.00,6542.00,1512.00,2157.00,4091.00
Brazil,Measles,0.00,41.00,668.00,8448.00,20901.00,10330.00,,0.00,214.00,876.00,220.00,2.00,43.00,68.00,0.00,0.00,0.00,57.00,6.00,0.00,2.00,1.00,1.00,36.00,908.00,2781.00,52284.00,580.00,793.00,35.00,6037.00,7934.00,42537.00,61435.00,22853.00,26179.00,66059.00,129126.00,75993.00,80875.00,58259.00,39370.00,61281.00,99263.00
British Virgin Islands,Measles,0.00,0.00,0.00,,0.00,0.00,0.00,,,,,,,,,,,,,,0.00,0.00,0.00,0.00,0.00,0.00,0.00,0.00,0.00,0.00,0.00,0.00,0.00,90.00,168.00,0.00,0.00,0.00,0.00,0.00,6.00,1.00,0.00,20.00
Brunei Darussalam,Measles,1.00,0.00,0.00,0.00,1.00,1.00,0.00,1.00,4.00,1.00,,1.00,4.00,0.00,2.00,3.00,,,9.00,16.00,24.00,,11.00,42.00,23.00,12.00,13.00,,,,50.00,51.00,,12.00,39.00,28.00,63.00,440.00,617.00,541.00,558.00,243.00,775.00,485.00
Bulgaria,Measles,0.00,1.00,0.00,257.00,1231.00,13.00,165.00,1.00,0.00,0.00,14.00,1.00,157.00,22004.00,2249.00,1.00,1.00,1.00,3.00,0.00,0.00,0.00,8.00,46.00,24.00,80.00,23.00,695.00,172.00,121.00,354.00,20258.00,2028.00,147.00,111.00,404.00,1560.00,1370.00,972.00,292.00,326.00,281.00,9239.00,10763.00
Burkina Faso,Measles,680.00,252.00,,2480.00,672.00,4072.00,49.00,226.00,99.00,343.00,375.00,7362.00,860.00,2511.00,54118.00,395.00,12.00,125.00,253.00,77.00,2946.00,1744.00,4174.00,6074.00,5516.00,,1438.00,18534.00,5669.00,2925.00,14445.00,21751.00,6590.00,9804.00,7474.00,7782.00,28282.00,11722.00,17461.00,30094.00,21395.00,20940.00,17327.00,13713.00
Burundi,Measles,1684.00,212.00,369.00,1700.00,112.00,9.00,18.00,16.00,9.00,0.00,0.00,49.00,129.00,495.00,305.00,173.00,43.00,784.00,0.00,2.00,224.00,1016.00,,18363.00,2928.00,1449.00,1273.00,16099.00,14782.00,7192.00,23869.00,22344.00,10397.00,13282.00,28014.00,33261.00,23297.00,39631.00,36740.00,28587.00,49302.00,42051.00,58970.00,49227.00
Cabo Verde,Measles,0.00,0.00,0.00,,0.00,0.00,0.00,,0.00,0.00,0.00,0.00,0.00,0.00,0.00,0.00,0.00,0.00,0.00,0.00,0.00,0.00,0.00,2.00,1.00,289.00,8584.00,0.00,10.00,30.00,0.00,1.00,7.00,0.00,1.00,7.00,450.00,,3048.00,49.00,1385.00,1282.00,150.00,1279.00
Cambodia,Measles,11.00,13.00,5.00,379.00,684.00,3.00,10.00,56.00,0.00,0.00,0.00,15.00,722.00,1156.00,4779.00,4211.00,394.00,188.00,264.00,352.00,653.00,1361.00,3761.00,12237.00,13827.00,1993.00,3826.00,2814.00,2038.00,946.00,1262.00,2759.00,2186.00,2473.00,9256.00,4934.00,9281.00,17219.00,44557.00,38329.00,10368.00,57605.00,40774.00,32240.00
Cameroon,Measles,6105.00,3217.00,771.00,1509.00,2809.00,814.00,712.00,338.00,1809.00,831.00,760.00,609.00,504.00,240.00,251.00,495.00,100.00,196.00,605.00,358.00,899.00,1448.00,23934.00,14629.00,10894.00,10731.00,7504.00,11770.00,2463.00,1548.00,10892.00,27442.00,14622.00,21150.00,24314.00,23207.00,16654.00,31936.00,47178.00,38580.00,58904.00,33876.00,10546.00,
Canada,Measles,12.00,3.00,0.00,1.00,113.00,28.00,45.00,11.00,195.00,418.00,83.00,10.00,803.00,99.00,14.00,62.00,101.00,13.00,6.00,7.00,15.00,6.00,34.00,206.00,29.00,12.00,579.00,327.00,2361.00,523.00,203.00,2742.00,6178.00,1033.00,11145.00,609.00,2385.00,14941.00,2816.00,4078.00,934.00,1064.00,2307.00,13864.00
Cayman Islands,Measles,0.00,0.00,0.00,0.00,,0.00,0.00,,,,,,,,,,,,,,0.00,0.00,0.00,0.00,0.00,0.00,0.00,0.00,0.00,0.00,0.00,0.00,0.00,0.00,5.00,1.00,3.00,2.00,4.00,5.00,9.00,0.00,2.00,9.00
Central African Republic,Measles,3841.00,155.00,286.00,3433.00,3390.00,224.00,801.00,367.00,150.00,210.00,596.00,141.00,679.00,2.00,11.00,12.00,49.00,3.00,471.00,1233.00,652.00,938.00,2837.00,3207.00,600.00,146.00,194.00,248.00,902.00,,1694.00,3022.00,3644.00,1275.00,331.00,1898.00,2148.00,1785.00,2446.00,6395.00,1564.00,2563.00,3820.00,8280.00
Chad,Measles,11862.00,2158.00,2577.00,2170.00,1882.00,1457.00,9.00,118.00,418.00,1275.00,226.00,120.00,8650.00,194.00,165.00,63.00,441.00,1594.00,2.00,10324.00,15801.00,7277.00,24908.00,3546.00,6868.00,12371.00,10446.00,24162.00,21952.00,9696.00,20894.00,19035.00,21182.00,7226.00,7449.00,3645.00,3623.00,3500.00,6430.00,6921.00,5160.00,1223.00,36.00,
Chile,Measles,1.00,0.00,0.00,2.00,11.00,24.00,0.00,0.00,9.00,0.00,0.00,0.00,6.00,0.00,1.00,0.00,0.00,0.00,0.00,0.00,1.00,0.00,0.00,0.00,31.00,6.00,58.00,0.00,0.00,0.00,1.00,1.00,2098.00,1958.00,13008.00,45079.00,2623.00,12563.00,17101.00,4785.00,6752.00,9438.00,6527.00,3844.00
China,Measles,621.00,552.00,554.00,867.00,2974.00,3940.00,5941.00,24820.00,42361.00,52628.00,26883.00,6183.00,9943.00,38159.00,52461.00,131441.00,109023.00,99602.00,124219.00,70549.00,71879.00,58341.00,88962.00,71093.00,61840.00,53030.00,79621.00,68404.00,53232.00,76204.00,117851.00,140048.00,123428.00,85705.00,85049.00,96994.00,104925.00,198738.00,418159.00,619709.00,781475.00,892870.00,1010755.00,1122285.00
"China, Hong Kong SAR",Measles,4.00,3.00,1.00,1.00,90.00,17.00,4.00,9.00,18.00,50.00,8.00,8.00,13.00,13.00,22.00,69.00,88.00,,,,33.00,,179.00,60.00,32.00,56.00,318.00,110.00,33.00,210.00,29.00,329.00,278.00,48.00,139.00,3162.00,194.00,215.00,280.00,678.00,888.00,1863.00,249.00,1669.00
"China, Macao SAR",Measles,0.00,0.00,0.00,0.00,37.00,3.00,2.00,0.00,0.00,,1.00,1.00,1.00,,0.00,4.00,0.00,,0.00,0.00,3.00,,3.00,5.00,1.00,0.00,3.00,,3.00,52.00,21.00,35.00,1.00,19.00,4.00,642.00,0.00,104.00,265.00,110.00,231.00,0.00,9.00,73.00
Colombia,Measles,0.00,0.00,0.00,1.00,244.00,208.00,0.00,0.00,1.00,0.00,1.00,1.00,6.00,0.00,0.00,0.00,0.00,0.00,0.00,0.00,0.00,139.00,3.00,1.00,44.00,61.00,67.00,160.00,410.00,525.00,9105.00,7976.00,10391.00,12520.00,12598.00,14801.00,20620.00,5180.00,5572.00,11849.00,13099.00,9273.00,19612.00,9222.00
Comoros,Measles,51.00,4.00,0.00,0.00,65.00,0.00,0.00,0.00,0.00,0.00,0.00,1.00,3.00,0.00,1.00,0.00,0.00,85.00,912.00,0.00,0.00,0.00,,,0.00,0.00,0.00,0.00,0.00,2.00,0.00,0.00,0.00,2328.00,170.00,0.00,0.00,0.00,0.00,0.00,0.00,0.00,0.00,1801.00
Congo,Measles,385.00,6718.00,160.00,37.00,66.00,28.00,958.00,277.00,1359.00,71.00,124.00,260.00,315.00,4.00,1.00,2.00,84.00,126.00,146.00,3524.00,3712.00,2788.00,2152.00,1678.00,313.00,174.00,1267.00,3897.00,2381.00,226.00,693.00,4302.00,4042.00,3608.00,498.00,454.00,1420.00,6424.00,7600.00,18615.00,16642.00,12931.00,9668.00,11892.00
Cook Islands,Measles,,,,,0.00,0.00,,,,,,0.00,0.00,0.00,0.00,0.00,1.00,6.00,0.00,0.00,17.00,0.00,0.00,2.00,0.00,9.00,194.00,0.00,7.00,0.00,3.00,9.00,61.00,36.00,691.00,15.00,16.00,5.00,50.00,1.00,4.00,14.00,57.00,363.00
Costa Rica,Measles,1.00,0.00,0.00,0.00,10.00,0.00,0.00,0.00,0.00,1.00,0.00,0.00,0.00,0.00,0.00,0.00,0.00,,1.00,0.00,1.00,0.00,0.00,0.00,23.00,27.00,26.00,24.00,35.00,0.00,273.00,2361.00,6296.00,76.00,33.00,358.00,4004.00,4534.00,1.00,11.00,39.00,167.00,170.00,1000.00
Croatia,Measles,3.00,0.00,0.00,0.00,52.00,23.00,7.00,4.00,206.00,,0.00,2.00,12.00,7.00,2.00,51.00,0.00,1.00,2.00,54.00,19.00,6.00,8.00,9.00,31.00,648.00,240.00,119.00,697.00,138.00,87.00,160.00,117.00,119.00,,,,,,,,,,
Cuba,Measles,0.00,0.00,0.00,0.00,0.00,0.00,0.00,0.00,0.00,0.00,,0.00,0.00,0.00,0.00,0.00,0.00,0.00,0.00,0.00,0.00,0.00,0.00,0.00,0.00,0.00,0.00,0.00,1.00,0.00,2.00,12.00,17.00,12.00,12.00,121.00,858.00,3312.00,2874.00,3315.00,3287.00,23408.00,18387.00,3924.00
Curaçao,Measles,,,,,1.00,0.00,0.00,,,,,,,,,,,,,,,,,,,,,,,,,,,,,,,,,,,,,
Cyprus,Measles,0.00,0.00,1.00,1.00,6.00,15.00,3.00,0.00,0.00,10.00,0.00,1.00,0.00,18.00,0.00,1.00,0.00,0.00,1.00,0.00,0.00,0.00,,0.00,0.00,1.00,1.00,55.00,0.00,0.00,0.00,20.00,1.00,4.00,0.00,0.00,0.00,1.00,1.00,3.00,183.00,27.00,3.00,0.00
Czechia,Measles,1.00,0.00,0.00,4.00,590.00,207.00,142.00,7.00,9.00,222.00,15.00,22.00,17.00,0.00,5.00,2.00,2.00,7.00,0.00,17.00,30.00,4.00,6.00,9.00,2.00,19.00,14.00,10.00,5.00,9.00,14.00,416.00,839.00,2420.00,,,,,,,,,,
Côte d'Ivoire,Measles,1361.00,1596.00,1837.00,600.00,372.00,453.00,163.00,45.00,65.00,50.00,48.00,137.00,628.00,441.00,183.00,12.00,5.00,11.00,115.00,3466.00,4770.00,5882.00,5790.00,5729.00,4824.00,12289.00,9665.00,20858.00,30039.00,,7465.00,14765.00,9902.00,17799.00,18660.00,16864.00,34170.00,23839.00,8892.00,5946.00,7139.00,15605.00,14782.00,7633.00
Democratic People's Republic of Korea,Measles,0.00,0.00,,0.00,,0.00,0.00,0.00,0.00,3.00,0.00,0.00,0.00,0.00,0.00,8.00,3550.00,0.00,0.00,0.00,0.00,0.00,0.00,,0.00,0.00,0.00,0.00,0.00,0.00,0.00,0.00,0.00,0.00,0.00,0.00,0.00,0.00,0.00,0.00,0.00,0.00,0.00,0.00
Democratic Republic of the Congo,Measles,311500.00,4380.00,54471.00,82290.00,333017.00,69693.00,45107.00,5092.00,5020.00,33711.00,88381.00,72029.00,133802.00,5407.00,57.00,12461.00,55577.00,80123.00,182485.00,44934.00,21956.00,30466.00,8072.00,8282.00,12135.00,15271.00,5766.00,9546.00,5443.00,12573.00,2749.00,63.00,,4564.00,11178.00,13214.00,14866.00,19430.00,19508.00,11385.00,21057.00,30775.00,38142.00,32596.00
Denmark,Measles,9.00,0.00,0.00,4.00,15.00,8.00,4.00,3.00,9.00,27.00,17.00,2.00,84.00,5.00,6.00,14.00,2.00,27.00,2.00,0.00,0.00,32.00,11.00,14.00,,,61.00,119.00,20.00,36.00,115.00,129.00,162.00,180.00,405.00,618.00,6268.00,23490.00,13187.00,21188.00,33242.00,15656.00,35651.00,28249.00
Djibouti,Measles,446.00,206.00,0.00,,,28.00,3.00,8.00,47.00,,28.00,709.00,49.00,7.00,48.00,143.00,24.00,49.00,298.00,71.00,37.00,50.00,79.00,183.00,341.00,198.00,,410.00,8.00,,37.00,129.00,13.00,104.00,490.00,473.00,52.00,,108.00,1295.00,,31.00,4533.00,
Dominica,Measles,0.00,0.00,0.00,0.00,0.00,0.00,0.00,0.00,0.00,0.00,0.00,0.00,0.00,0.00,0.00,0.00,0.00,0.00,0.00,0.00,0.00,0.00,0.00,0.00,0.00,0.00,0.00,0.00,0.00,0.00,0.00,0.00,6.00,13.00,9.00,10.00,82.00,45.00,64.00,188.00,1.00,2.00,27.00,0.00
Dominican Republic,Measles,0.00,0.00,0.00,0.00,0.00,0.00,0.00,0.00,0.00,0.00,0.00,0.00,2.00,0.00,0.00,0.00,0.00,0.00,0.00,0.00,0.00,0.00,113.00,253.00,274.00,14.00,1.00,0.00,0.00,3.00,4637.00,7650.00,7512.00,3477.00,1505.00,692.00,499.00,501.00,4417.00,4429.00,2960.00,3671.00,3410.00,9760.00
Ecuador,Measles,0.00,0.00,0.00,0.00,0.00,19.00,0.00,1.00,0.00,0.00,0.00,72.00,257.00,0.00,0.00,1.00,0.00,0.00,0.00,0.00,0.00,0.00,2.00,0.00,0.00,0.00,0.00,42.00,919.00,3668.00,3627.00,4356.00,1585.00,1646.00,3649.00,8004.00,1537.00,839.00,1183.00,6979.00,2556.00,1647.00,4678.00,2722.00
Egypt,Measles,267.00,14.00,0.00,3.00,0.00,48.00,24.00,225.00,5432.00,1314.00,405.00,245.00,26.00,16.00,608.00,668.00,1684.00,953.00,77.00,80.00,164.00,653.00,2150.00,2633.00,1547.00,4868.00,4606.00,4403.00,1833.00,1444.00,2874.00,4403.00,1231.00,887.00,4057.00,3672.00,1805.00,1176.00,5554.00,4898.00,813.00,7365.00,1777.00,839.00
El Salvador,Measles,0.00,0.00,0.00,0.00,0.00,0.00,0.00,0.00,,0.00,0.00,0.00,0.00,0.00,0.00,0.00,0.00,0.00,0.00,0.00,0.00,0.00,2.00,0.00,0.00,0.00,0.00,1.00,0.00,0.00,38.00,509.00,0.00,0.00,0.00,787.00,405.00,278.00,1413.00,4775.00,2407.00,3664.00,12554.00,2315.00
Equatorial Guinea,Measles,270.00,49.00,43.00,53.00,0.00,0.00,1.00,1699.00,1250.00,13.00,321.00,1190.00,0.00,0.00,78.00,436.00,5.00,0.00,,38.00,18.00,24.00,1339.00,,,,0.00,1.00,44.00,270.00,157.00,297.00,32.00,32.00,582.00,14875.00,11865.00,788.00,464.00,198.00,,,,
Eritrea,Measles,54.00,28.00,25.00,12.00,6.00,70.00,1199.00,142.00,198.00,127.00,45.00,194.00,48.00,51.00,82.00,0.00,55.00,128.00,19.00,24.00,376.00,460.00,204.00,789.00,320.00,316.00,777.00,1783.00,185.00,541.00,267.00,,,,,,,,,,,,,
Estonia,Measles,4.00,0.00,0.00,0.00,27.00,10.00,1.00,2.00,4.00,0.00,2.00,4.00,7.00,0.00,0.00,0.00,1.00,27.00,2.00,0.00,0.00,0.00,0.00,9.00,12.00,17.00,18.00,19.00,17.00,230.00,312.00,71.00,129.00,33.00,,,,,,,,,,
Eswatini,Measles,3.00,64.00,0.00,0.00,0.00,0.00,0.00,1.00,0.00,0.00,0.00,0.00,0.00,313.00,26.00,1.00,0.00,0.00,0.00,0.00,350.00,37.00,49.00,10.00,0.00,180.00,609.00,2201.00,171.00,610.00,7148.00,2042.00,1467.00,1465.00,1461.00,1581.00,4261.00,2253.00,3253.00,4794.00,3267.00,9185.00,2592.00,
Ethiopia,Measles,24038.00,9292.00,1953.00,1952.00,3998.00,1752.00,1921.00,4579.00,17745.00,12739.00,5253.00,4347.00,3255.00,4235.00,1176.00,3511.00,1446.00,1451.00,357.00,73.00,228.00,3332.00,2366.00,1660.00,5329.00,1603.00,1113.00,1586.00,562.00,1133.00,1152.00,4815.00,497.00,1836.00,4169.00,7575.00,4832.00,3760.00,66544.00,9843.00,5866.00,10527.00,9784.00,10690.00
Fiji,Measles,,,,,28.00,0.00,,5.00,,,,0.00,,0.00,1.00,0.00,0.00,136.00,,37.00,305.00,304.00,17.00,,,,828.00,39.00,414.00,39.00,425.00,969.00,,32.00,53.00,610.00,1075.00,385.00,152.00,827.00,313.00,902.00,1003.00,913.00
Finland,Measles,1.00,0.00,3.00,4.00,12.00,15.00,11.00,4.00,2.00,,2.00,,27.00,5.00,2.00,5.00,0.00,0.00,1.00,0.00,0.00,0.00,1.00,,,1.00,0.00,0.00,6.00,1.00,0.00,5.00,8.00,3.00,1032.00,129.00,635.00,741.00,614.00,729.00,4751.00,5402.00,3813.00,2147.00
France,Measles,117.00,15.00,16.00,240.00,2637.00,2921.00,519.00,79.00,157.00,267.00,272.00,,14949.00,5048.00,1541.00,604.00,39.00,40.00,36.00,4448.00,,5185.00,,10000.00,,,80000.00,66000.00,54239.00,44005.00,77232.00,109548.00,156849.00,,,,,931.00,399.00,978.00,870.00,812.00,1132.00,1244.00
French Polynesia,Measles,0.00,0.00,0.00,0.00,,,,,,,0.00,0.00,0.00,0.00,0.00,0.00,0.00,,,,,,3.00,,13.00,0.00,518.00,387.00,7.00,95.00,21.00,22.00,31.00,30.00,82.00,18.00,40.00,43.00,1927.00,113.00,1015.00,1187.00,1281.00,379.00
Gabon,Measles,1167.00,1293.00,134.00,9.00,2.00,1.00,1075.00,1509.00,27.00,33.00,122.00,2.00,2.00,1.00,0.00,3.00,0.00,90.00,0.00,63.00,,110.00,5129.00,15.00,,,,70.00,,,958.00,1245.00,,738.00,1780.00,655.00,2074.00,6826.00,5222.00,7234.00,4324.00,1747.00,2306.00,1641.00
Gambia,Measles,38.00,58.00,0.00,,1.00,4.00,1.00,45.00,71.00,1.00,0.00,0.00,0.00,2.00,0.00,0.00,0.00,0.00,0.00,0.00,119.00,32.00,99.00,336.00,856.00,,1500.00,15.00,130.00,280.00,912.00,364.00,164.00,,,,,3997.00,1628.00,,1372.00,1566.00,262.00,284.00
Georgia,Measles,39.00,12.00,5.00,20.00,3918.00,2199.00,94.00,14.00,431.00,3188.00,7872.00,31.00,64.00,22.00,23.00,56.00,44.00,334.00,1356.00,6847.00,216.00,199.00,35.00,50.00,144.00,218.00,342.00,304.00,181.00,723.00,409.00,115.00,352.00,,,,,,,,,,,
Germany,Measles,79.00,15.00,10.00,76.00,514.00,543.00,929.00,326.00,2464.00,443.00,1771.00,166.00,1607.00,780.00,574.00,917.00,567.00,2307.00,778.00,121.00,779.00,4657.00,6024.00,,,,,,,,,,,,45.00,17.00,189.00,199.00,568.00,11759.00,9798.00,2029.00,5290.00,28745.00
Ghana,Measles,2282.00,395.00,52.00,88.00,1274.00,34.00,19.00,32.00,23.00,124.00,319.00,1613.00,120.00,641.00,101.00,82.00,6.00,420.00,435.00,60.00,1939.00,12289.00,13476.00,23068.00,15987.00,23335.00,37261.00,34273.00,40276.00,34821.00,34641.00,39933.00,17135.00,32246.00,19997.00,40456.00,24781.00,11099.00,64517.00,40179.00,36561.00,79636.00,38476.00,82684.00
Greece,Measles,0.00,0.00,0.00,3.00,45.00,2291.00,968.00,0.00,1.00,1.00,3.00,3.00,40.00,149.00,2.00,1.00,2.00,,122.00,1.00,,5.00,12.00,56.00,69.00,66.00,136.00,6082.00,112.00,163.00,503.00,3448.00,1371.00,245.00,534.00,5100.00,1891.00,1050.00,1484.00,1200.00,23723.00,3417.00,1389.00,13464.00
Grenada,Measles,0.00,0.00,,0.00,0.00,0.00,0.00,0.00,0.00,0.00,0.00,0.00,0.00,0.00,0.00,0.00,0.00,0.00,0.00,0.00,0.00,0.00,0.00,0.00,0.00,0.00,0.00,0.00,3.00,0.00,0.00,0.00,2.00,6.00,2.00,4.00,6.00,20.00,7.00,11.00,268.00,1713.00,9.00,53.00
Guam,Measles,0.00,,,,0.00,0.00,0.00,0.00,0.00,,0.00,0.00,1.00,0.00,0.00,0.00,0.00,,0.00,2.00,7.00,,0.00,0.00,1.00,0.00,0.00,0.00,0.00,228.00,25.00,4.00,62.00,1.00,3.00,2.00,2.00,6.00,12.00,104.00,3.00,9.00,6.00,7.00
Guatemala,Measles,0.00,0.00,0.00,0.00,0.00,1.00,0.00,0.00,0.00,0.00,0.00,0.00,0.00,0.00,0.00,0.00,0.00,0.00,0.00,0.00,0.00,0.00,0.00,0.00,0.00,1.00,8.00,1.00,23.00,204.00,17.00,97.00,209.00,8802.00,2413.00,182.00,400.00,1650.00,2272.00,3072.00,2762.00,3992.00,3472.00,2703.00
Guinea,Measles,94.00,417.00,505.00,506.00,4555.00,482.00,2036.00,316.00,243.00,175.00,53.00,6.00,11.00,45.00,264.00,89.00,3.00,4.00,99.00,10.00,2497.00,2151.00,7408.00,11294.00,18004.00,9170.00,10170.00,10292.00,1085.00,2372.00,5228.00,1617.00,6708.00,12756.00,4152.00,3353.00,7357.00,2592.00,2969.00,4396.00,8856.00,15038.00,11397.00,8552.00
Guinea-Bissau,Measles,5.00,213.00,,22.00,60.00,28.00,11.00,0.00,153.00,1.00,0.00,0.00,0.00,26.00,0.00,12.00,1.00,0.00,0.00,3526.00,1158.00,298.00,126.00,,472.00,,498.00,73.00,528.00,378.00,1707.00,842.00,2396.00,259.00,106.00,1103.00,174.00,2241.00,1328.00,355.00,3218.00,1613.00,2096.00,1332.00
Guyana,Measles,0.00,0.00,0.00,0.00,0.00,0.00,0.00,0.00,0.00,0.00,0.00,0.00,0.00,0.00,0.00,0.00,0.00,0.00,0.00,0.00,0.00,0.00,0.00,0.00,0.00,0.00,0.00,0.00,0.00,0.00,0.00,0.00,12.00,1.00,11.00,917.00,22.00,15.00,87.00,294.00,20.00,41.00,7.00,464.00
Haiti,Measles,,0.00,0.00,0.00,0.00,0.00,0.00,,0.00,0.00,0.00,0.00,0.00,0.00,0.00,0.00,0.00,0.00,0.00,0.00,0.00,0.00,159.00,992.00,0.00,3.00,0.00,1.00,,,,,,1414.00,580.00,235.00,3130.00,269.00,2111.00,1681.00,869.00,1064.00,2502.00,507.00
Honduras,Measles,,,0.00,0.00,0.00,0.00,0.00,0.00,0.00,0.00,0.00,0.00,0.00,0.00,0.00,0.00,0.00,0.00,0.00,0.00,0.00,0.00,0.00,0.00,0.00,0.00,5.00,4.00,0.00,3.00,13.00,58.00,95.00,8360.00,6353.00,1155.00,1437.00,603.00,6476.00,5028.00,1168.00,2446.00,5857.00,4188.00
Hungary,Measles,1.00,0.00,0.00,0.00,23.00,14.00,36.00,0.00,0.00,0.00,1.00,2.00,5.00,0.00,1.00,0.00,0.00,1.00,2.00,0.00,0.00,0.00,20.00,1.00,1.00,23.00,24.00,12.00,4.00,11.00,33.00,14.00,16.00,29.00,,1103.00,30.00,17.00,20.00,98.00,124.00,2521.00,10573.00,1198.00
Iceland,Measles,0.00,0.00,0.00,0.00,9.00,0.00,3.00,1.00,0.00,0.00,0.00,0.00,0.00,0.00,0.00,0.00,0.00,0.00,0.00,0.00,0.00,,0.00,0.00,,,1.00,1.00,2.00,7.00,8.00,8.00,10.00,14.00,23.00,11.00,14.00,132.00,374.00,162.00,39.00,14.00,24.00,13.00
India,Measles,65150.00,40967.00,5700.00,5604.00,10430.00,19474.00,12032.00,17250.00,30168.00,26530.00,8285.00,3305.00,33634.00,31458.00,56188.00,44258.00,41144.00,64185.00,36711.00,55443.00,47147.00,40044.00,51780.00,38835.00,21013.00,33990.00,61004.00,47072.00,37494.00,50518.00,50391.00,71798.00,77859.00,89612.00,165771.00,161379.00,252940.00,155076.00,161216.00,190881.00,129639.00,146196.00,202054.00,114036.00
Indonesia,Measles,18063.00,7704.00,394.00,524.00,1965.00,5300.00,9035.00,6962.00,15099.00,12943.00,8419.00,15489.00,21893.00,18869.00,20818.00,15369.00,19456.00,20422.00,15853.00,29171.00,24457.00,14492.00,3825.00,3344.00,4767.00,1034.00,15313.00,35383.00,37693.00,48147.00,63751.00,80580.00,90358.00,92105.00,229666.00,76446.00,395.00,1136.00,9458.00,18947.00,4670.00,25152.00,33106.00,28935.00
Iran (Islamic Republic of),Measles,648.00,230.00,103.00,4.00,20.00,203.00,51.00,82.00,615.00,99.00,189.00,332.00,73.00,538.00,262.00,127.00,133.00,220.00,7.00,3.00,11644.00,9554.00,9582.00,11874.00,4137.00,2869.00,3901.00,2329.00,263.00,506.00,4616.00,5028.00,6034.00,5341.00,5895.00,11559.00,19383.00,14904.00,20582.00,32909.00,43623.00,47719.00,35858.00,31130.00
Iraq,Measles,12331.00,12.00,197.00,,3799.00,489.00,41.00,37.00,1433.00,1317.00,669.00,15.00,15.00,492.00,30328.00,5494.00,230.00,474.00,908.00,9081.00,,,4088.00,726.00,9920.00,43735.00,708.00,256.00,7650.00,10657.00,16339.00,20106.00,11358.00,3045.00,11617.00,9284.00,7978.00,10122.00,22186.00,38148.00,37903.00,31564.00,64294.00,26542.00
Ireland,Measles,4.00,2.00,0.00,15.00,65.00,76.00,25.00,43.00,4.00,33.00,51.00,107.00,285.00,443.00,164.00,57.00,64.00,87.00,95.00,334.00,584.00,243.00,241.00,,147.00,204.00,185.00,228.00,235.00,1233.00,4328.00,179.00,135.00,556.00,1248.00,936.00,201.00,451.00,9903.00,5725.00,6180.00,1897.00,1075.00,1106.00
Israel,Measles,,0.00,0.00,6.00,1139.00,3177.00,42.00,8.00,80.00,6.00,50.00,211.00,70.00,23.00,5.00,931.00,539.00,9.00,2.00,116.00,124.00,2.00,19.00,36.00,14.00,8.00,12.00,19.00,22.00,1555.00,141.00,66.00,991.00,230.00,29.00,194.00,438.00,1951.00,3005.00,137.00,129.00,7864.00,228.00,215.00
Italy,Measles,,15.00,9.00,103.00,1623.00,2682.00,4042.00,,159.00,,,376.00,5189.00,372.00,351.00,1617.00,321.00,439.00,135.00,599.00,10982.00,9385.00,,1457.00,2908.00,4072.00,41254.00,32596.00,37131.00,6158.00,16890.00,65013.00,23458.00,5223.00,29214.00,92188.00,20627.00,21306.00,75040.00,77149.00,26371.00,18423.00,71239.00,27452.00
Jamaica,Measles,0.00,0.00,0.00,0.00,0.00,0.00,0.00,0.00,0.00,0.00,0.00,0.00,1.00,0.00,0.00,2.00,0.00,0.00,0.00,0.00,0.00,0.00,0.00,0.00,0.00,2.00,0.00,4.00,15.00,0.00,0.00,0.00,308.00,3651.00,5726.00,30.00,37.00,30.00,67.00,236.00,1164.00,2815.00,5266.00,36.00
Japan,Measles,,,6.00,12.00,742.00,279.00,187.00,165.00,35.00,462.00,229.00,228.00,434.00,450.00,741.00,11015.00,,520.00,,8752.00,8286.00,33812.00,22552.00,22497.00,,899.00,,1640.00,,,2002.00,,5452.00,3259.00,1753.00,3109.00,5872.00,6323.00,2810.00,12268.00,7281.00,6716.00,21471.00,13219.00
Jordan,Measles,,457.00,,0.00,48.00,0.00,0.00,0.00,0.00,20.00,120.00,3.00,0.00,0.00,0.00,2.00,41.00,1.00,28.00,21.00,76.00,19.00,61.00,32.00,115.00,428.00,7026.00,448.00,318.00,516.00,2985.00,1071.00,143.00,290.00,1397.00,4810.00,1645.00,297.00,559.00,2592.00,183.00,1594.00,1174.00,552.00
Kazakhstan,Measles,15111.00,4.00,2.00,3270.00,13326.00,576.00,2.00,122.00,526.00,321.00,73.00,55.00,127.00,4.00,0.00,20.00,13.00,109.00,16118.00,2204.00,24.00,18.00,94.00,245.00,1391.00,1935.00,120.00,123.00,284.00,1788.00,3297.00,647.00,1425.00,273.00,,,,,,,,,,
Kenya,Measles,896.00,1774.00,266.00,597.00,439.00,822.00,63.00,128.00,95.00,354.00,190.00,,2395.00,95.00,1218.00,1282.00,1516.00,1847.00,153.00,20.00,65.00,766.00,11304.00,21002.00,8601.00,9262.00,3339.00,3572.00,3322.00,4180.00,961.00,65004.00,59937.00,77072.00,86727.00,70200.00,49858.00,26199.00,111492.00,200143.00,285681.00,270767.00,257839.00,28473.00
Kiribati,Measles,,,1.00,0.00,3.00,0.00,0.00,,,0.00,0.00,0.00,0.00,0.00,0.00,0.00,0.00,,0.00,0.00,,0.00,0.00,0.00,2.00,355.00,25.00,13.00,4.00,292.00,114.00,4357.00,8.00,30.00,1612.00,264.00,22.00,2.00,2015.00,1417.00,0.00,11.00,70.00,170.00
Kosovo (in accordance with UN Security Council resolution 1244 (1999)),Measles,1.00,0.00,,,,,,,,,,,,,,,,,,,,,,,,,,,,,,,,,,,,,,,,,,
Kuwait,Measles,6.00,7.00,3.00,,12.00,42.00,18.00,8.00,18.00,55.00,62.00,27.00,32.00,13.00,,,,,10.00,23.00,,,,6.00,13.00,90.00,26.00,15.00,12.00,432.00,260.00,383.00,165.00,71.00,71.00,70.00,428.00,237.00,2061.00,608.00,1590.00,586.00,2595.00,1382.00
Kyrgyzstan,Measles,7046.00,,3.00,,2380.00,1007.00,5.00,0.00,17779.00,318.00,1.00,0.00,222.00,0.00,1.00,16.00,40.00,27.00,53.00,8.00,6.00,2.00,17.00,16.00,478.00,2397.00,998.00,74.00,17.00,168.00,3825.00,815.00,824.00,584.00,,,,,,,,,,
Lao People's Democratic Republic,Measles,2.00,0.00,2.00,138.00,1119.00,10.00,3.00,8.00,56.00,339.00,71.00,32.00,113.00,153.00,78.00,174.00,1678.00,58.00,295.00,1491.00,1810.00,2070.00,94.00,332.00,2302.00,4613.00,671.00,917.00,3174.00,984.00,1083.00,520.00,1400.00,2168.00,2793.00,2243.00,2580.00,1367.00,1492.00,924.00,1076.00,383.00,,1380.00
Latvia,Measles,1.00,0.00,0.00,0.00,3.00,25.00,0.00,0.00,0.00,36.00,0.00,3.00,1.00,0.00,0.00,3.00,0.00,7.00,2.00,0.00,,,1.00,0.00,0.00,3.00,4.00,3.00,2.00,10.00,54.00,248.00,6.00,21.00,,,,,,,,,,
Lebanon,Measles,346.00,,,15.00,1047.00,944.00,126.00,44.00,39.00,112.00,1761.00,9.00,9.00,12.00,22.00,24.00,373.00,956.00,618.00,213.00,526.00,36.00,8.00,5.00,8.00,966.00,134.00,2.00,3.00,51.00,396.00,13.00,,,,,,,,,266.00,,3.00,
Lesotho,Measles,17.00,3.00,368.00,39.00,464.00,7.00,0.00,0.00,0.00,0.00,516.00,179.00,172.00,2488.00,0.00,0.00,2.00,1.00,,31.00,1.00,0.00,217.00,660.00,944.00,,0.00,,304.00,573.00,235.00,1816.00,2351.00,2195.00,1378.00,1797.00,2448.00,4376.00,7362.00,5821.00,5239.00,6941.00,7624.00,7935.00
Liberia,Measles,4604.00,8300.00,250.00,884.00,1203.00,3781.00,960.00,789.00,1060.00,34.00,0.00,43.00,279.00,2200.00,6.00,1.00,1.00,20.00,8.00,4.00,142.00,131.00,1379.00,5977.00,1679.00,1436.00,2961.00,1938.00,56.00,571.00,6398.00,5776.00,,,1866.00,2556.00,2178.00,836.00,2686.00,6151.00,4835.00,6873.00,7810.00,6567.00
Libya,Measles,257.00,32.00,,,188.00,1082.00,8.00,32.00,82.00,372.00,,320.00,,,329.00,8.00,59.00,1.00,292.00,2771.00,,3890.00,633.00,,,50.00,26.00,,,1127.00,733.00,3691.00,1695.00,931.00,207.00,316.00,401.00,851.00,4193.00,2526.00,996.00,928.00,1570.00,1547.00
Lithuania,Measles,3.00,0.00,0.00,2.00,834.00,30.00,2.00,22.00,50.00,11.00,35.00,0.00,7.00,2.00,0.00,1.00,0.00,1.00,1.00,1.00,1.00,103.00,7.00,19.00,23.00,18.00,30.00,35.00,188.00,286.00,249.00,200.00,143.00,,,,,,,,,,,
Luxembourg,Measles,0.00,0.00,0.00,0.00,24.00,4.00,4.00,0.00,0.00,,0.00,2.00,6.00,0.00,0.00,1.00,0.00,8.00,,0.00,1.00,,,0.00,,,1.00,25.00,1.00,1.00,4.00,48.00,1.00,16.00,12.00,18.00,153.00,27.00,62.00,35.00,21.00,243.00,214.00,63.00
Madagascar,Measles,355.00,80.00,44.00,777.00,213231.00,21420.00,11.00,5.00,3.00,3.00,6.00,2.00,0.00,1.00,0.00,3.00,0.00,2.00,,35558.00,62233.00,10795.00,9357.00,35256.00,35196.00,15510.00,13865.00,5961.00,11731.00,14164.00,6060.00,1846.00,5824.00,14459.00,29654.00,17069.00,10841.00,21546.00,69884.00,66894.00,101925.00,84494.00,140653.00,119679.00
Malawi,Measles,173.00,29.00,5.00,76.00,17.00,1.00,4.00,0.00,0.00,3.00,1.00,11.00,26.00,118712.00,21.00,20.00,143.00,1.00,184.00,1116.00,167.00,92.00,150.00,304.00,152.00,3591.00,10845.00,9120.00,4218.00,2164.00,3614.00,32177.00,5730.00,,93100.00,81100.00,114061.00,105682.00,126581.00,80766.00,150248.00,104921.00,84610.00,162686.00
Malaysia,Measles,2002.00,209.00,128.00,478.00,1077.00,1981.00,1709.00,1569.00,1318.00,221.00,195.00,1868.00,1569.00,73.00,153.00,334.00,394.00,564.00,1407.00,5729.00,632.00,408.00,2198.00,6187.00,2576.00,483.00,627.00,460.00,654.00,346.00,542.00,363.00,275.00,563.00,1027.00,2304.00,5429.00,4699.00,5163.00,8147.00,9313.00,9268.00,5690.00,8727.00
Maldives,Measles,5.00,0.00,0.00,15.00,0.00,1.00,1.00,0.00,0.00,0.00,0.00,0.00,0.00,0.00,6.00,0.00,20.00,47.00,1395.00,37.00,75.00,926.00,0.00,20.00,,0.00,,0.00,3070.00,706.00,61.00,0.00,0.00,0.00,0.00,0.00,0.00,0.00,2029.00,0.00,0.00,0.00,1479.00,
Mali,Measles,364.00,765.00,2074.00,498.00,454.00,499.00,26.00,107.00,215.00,290.00,221.00,341.00,24.00,1719.00,2939.00,98.00,2.00,128.00,33.00,172.00,232.00,717.00,4464.00,1578.00,2506.00,10240.00,3531.00,10995.00,3306.00,3420.00,10595.00,7830.00,13473.00,1388.00,3605.00,4478.00,4352.00,4669.00,29732.00,4494.00,8759.00,16432.00,8413.00,10007.00
Malta,Measles,0.00,0.00,1.00,2.00,30.00,6.00,0.00,0.00,2.00,0.00,,,3.00,0.00,1.00,1.00,2.00,1.00,6.00,4.00,4.00,7.00,2.00,2.00,1.00,3.00,5.00,16.00,27.00,8.00,3.00,43.00,8.00,6.00,17.00,17.00,46.00,1844.00,175.00,58.00,620.00,1530.00,121.00,14.00
Marshall Islands,Measles,0.00,,0.00,,,,,,,,,0.00,0.00,0.00,0.00,,0.00,0.00,0.00,0.00,1127.00,0.00,0.00,0.00,0.00,0.00,0.00,0.00,,0.00,9.00,10.00,19.00,14.00,13.00,,0.00,1.00,4.00,0.00,0.00,0.00,0.00,0.00
Mauritania,Measles,339.00,96.00,249.00,0.00,196.00,77.00,63.00,13.00,1.00,14.00,62.00,35.00,234.00,1292.00,322.00,4.00,11.00,22.00,127.00,5039.00,3611.00,883.00,1398.00,,5263.00,1303.00,499.00,,195.00,2668.00,5754.00,4990.00,4601.00,1379.00,5032.00,434.00,2323.00,5318.00,15123.00,11203.00,15710.00,6743.00,8658.00,11441.00
Mauritius,Measles,0.00,0.00,0.00,,98.00,,0.00,0.00,,0.00,0.00,0.00,2.00,12.00,15.00,12.00,13.00,3.00,7.00,28.00,777.00,,0.00,0.00,0.00,,0.00,0.00,6.00,10.00,88.00,7.00,0.00,1.00,0.00,2.00,0.00,5.00,2.00,6.00,0.00,4.00,0.00,35.00
Mexico,Measles,0.00,0.00,0.00,196.00,0.00,5.00,0.00,0.00,0.00,3.00,0.00,0.00,3.00,0.00,0.00,0.00,0.00,23.00,6.00,64.00,44.00,0.00,3.00,30.00,0.00,0.00,0.00,2.00,244.00,128.00,172.00,533.00,5077.00,68782.00,20381.00,3915.00,2776.00,9824.00,23826.00,5158.00,3368.00,6364.00,11136.00,29730.00
Micronesia (Federated States of),Measles,1.00,1.00,,,0.00,0.00,0.00,0.00,0.00,140.00,0.00,0.00,0.00,,0.00,,0.00,0.00,0.00,0.00,0.00,,0.00,0.00,0.00,0.00,0.00,,0.00,930.00,0.00,41.00,0.00,1.00,0.00,0.00,1.00,,,,,,,
Monaco,Measles,0.00,,0.00,,1.00,0.00,1.00,,,,,5.00,,,,,,,,,0.00,,,,,0.00,,,,,,160.00,,0.00,0.00,0.00,0.00,0.00,0.00,0.00,0.00,0.00,12.00,
Mongolia,Measles,0.00,46.00,,0.00,2.00,1.00,9.00,30273.00,20359.00,0.00,0.00,0.00,0.00,7.00,8.00,31.00,12.00,26.00,0.00,0.00,18.00,1205.00,10677.00,925.00,10.00,8.00,4.00,128.00,555.00,177.00,71.00,1069.00,656.00,296.00,2176.00,3044.00,378.00,133.00,525.00,29738.00,1935.00,209.00,695.00,5338.00
Montenegro,Measles,0.00,0.00,0.00,0.00,0.00,200.00,0.00,0.00,,,0.00,0.00,5.00,5.00,0.00,0.00,0.00,0.00,,,,,,,,,,,,,,,,,,,,,,,,,,
Montserrat,Measles,0.00,0.00,0.00,,0.00,0.00,0.00,,,,,,,,,,,,,,,0.00,0.00,,0.00,0.00,0.00,0.00,0.00,0.00,0.00,0.00,0.00,0.00,1.00,1.00,0.00,0.00,0.00,0.00,0.00,0.00,5.00,3.00
Morocco,Measles,,,,,,483.00,,,17.00,10.00,92.00,668.00,982.00,633.00,834.00,1455.00,2248.00,1217.00,,6399.00,10841.00,6000.00,2724.00,7368.00,10853.00,7863.00,2512.00,1324.00,2380.00,3512.00,8431.00,6008.00,2125.00,1577.00,1689.00,2306.00,26621.00,15333.00,4216.00,11484.00,80806.00,53160.00,109486.00,86919.00
Mozambique,Measles,656.00,1047.00,619.00,426.00,63.00,16.00,122.00,,79.00,9.00,8.00,145.00,177.00,2321.00,60.00,4.00,267.00,183.00,12598.00,9396.00,28898.00,7155.00,7085.00,7375.00,3936.00,15693.00,15324.00,9251.00,4166.00,9618.00,5799.00,3092.00,5059.00,18082.00,22832.00,12142.00,12749.00,16109.00,16507.00,12508.00,11734.00,11909.00,16358.00,30070.00
Myanmar,Measles,15.00,10.00,8.00,444.00,5252.00,1389.00,1293.00,266.00,6.00,122.00,1010.00,2175.00,2046.00,190.00,329.00,333.00,1088.00,760.00,314.00,1329.00,830.00,736.00,2519.00,845.00,791.00,1465.00,1035.00,1684.00,1170.00,1855.00,2682.00,1794.00,4437.00,7900.00,3883.00,4323.00,5540.00,3830.00,16386.00,16580.00,18919.00,25102.00,26821.00,21457.00
Namibia,Measles,42.00,31.00,4.00,5.00,12.00,9.00,16.00,40.00,212.00,477.00,1028.00,86.00,79.00,3138.00,4076.00,0.00,21.00,3.00,4.00,4.00,262.00,1278.00,416.00,469.00,296.00,495.00,5359.00,4901.00,1723.00,133.00,1328.00,6874.00,,,,4482.00,16874.00,,,,,,,
Nauru,Measles,,,,,0.00,,,0.00,,,,11.00,0.00,,0.00,0.00,0.00,0.00,0.00,0.00,,0.00,0.00,0.00,1.00,,58.00,,0.00,,,,,300.00,0.00,,0.00,1.00,,,,1.00,0.00,10.00
Nepal,Measles,963.00,130.00,143.00,388.00,430.00,260.00,99.00,1269.00,1599.00,1279.00,1861.00,3362.00,2359.00,190.00,189.00,2089.00,1415.00,2838.00,5023.00,12074.00,13344.00,6749.00,10849.00,9397.00,,5771.00,12677.00,7213.00,4810.00,1401.00,59.00,136.00,93.00,182.00,171.00,193.00,190.00,68.00,952.00,2042.00,1117.00,1268.00,254.00,561.00
Netherlands (Kingdom of the),Measles,7.00,6.00,0.00,2.00,84.00,24.00,16.00,6.00,7.00,140.00,2632.00,10.00,51.00,15.00,15.00,109.00,10.00,1.00,4.00,11.00,4.00,3.00,,1019.00,2368.00,9.00,21.00,57.00,184.00,302.00,468.00,472.00,59.00,16.00,124.00,1519.00,227.00,90.00,24.00,82.00,480.00,95.00,77.00,178.00
New Caledonia,Measles,0.00,0.00,,,,0.00,1.00,,,,0.00,0.00,0.00,0.00,0.00,0.00,0.00,,0.00,,0.00,,0.00,0.00,,,0.00,,2.00,6.00,6.00,3.00,5.00,18.00,8.00,9.00,1221.00,950.00,77.00,79.00,18.00,1448.00,77.00,800.00
New Zealand,Measles,,0.00,0.00,7.00,2189.00,30.00,15.00,103.00,10.00,280.00,8.00,68.00,597.00,43.00,198.00,,25.00,20.00,20.00,33.00,66.00,21.00,65.00,65.00,106.00,164.00,2041.00,,,33.00,69.00,,9239.00,,0.00,,,,,,,,,
Nicaragua,Measles,0.00,0.00,0.00,0.00,0.00,0.00,0.00,0.00,0.00,0.00,0.00,0.00,0.00,0.00,0.00,0.00,0.00,0.00,0.00,0.00,0.00,0.00,0.00,0.00,0.00,0.00,0.00,0.00,5.00,3.00,339.00,2332.00,0.00,0.00,0.00,314.00,792.00,2550.00,956.00,153.00,112.00,226.00,224.00,3784.00
Niger,Measles,1708.00,12898.00,9271.00,2754.00,10321.00,5034.00,1171.00,776.00,7693.00,1142.00,1224.00,272.00,771.00,372.00,801.00,1317.00,282.00,59.00,2183.00,63057.00,54190.00,31584.00,61208.00,21319.00,36156.00,11404.00,32649.00,68921.00,67986.00,48685.00,36557.00,31341.00,90071.00,20463.00,22932.00,16864.00,14290.00,17626.00,64689.00,42199.00,30288.00,39815.00,36139.00,36811.00
Nigeria,Measles,20143.00,23983.00,10649.00,8877.00,28094.00,7063.00,11190.00,17136.00,12423.00,6855.00,52852.00,6447.00,18843.00,8491.00,1272.00,9960.00,2613.00,704.00,110927.00,31521.00,141258.00,42007.00,168107.00,212183.00,217151.00,143098.00,21385.00,88675.00,12393.00,106081.00,54734.00,85965.00,44026.00,115682.00,33678.00,75908.00,77566.00,115743.00,161768.00,182591.00,136778.00,139785.00,129671.00,162106.00
Niue,Measles,,0.00,,,0.00,,,,,,0.00,0.00,0.00,0.00,0.00,0.00,0.00,,0.00,0.00,0.00,0.00,0.00,0.00,0.00,0.00,0.00,0.00,0.00,2.00,0.00,0.00,121.00,,1.00,1.00,0.00,7.00,21.00,0.00,0.00,0.00,2.00,22.00
North Macedonia,Measles,1.00,0.00,1.00,0.00,1337.00,64.00,19.00,0.00,1.00,116.00,4.00,7.00,701.00,217.00,5.00,27.00,1.00,3.00,5.00,9.00,18.00,19.00,27.00,36.00,53.00,,364.00,1056.00,217.00,229.00,2495.00,180.00,181.00,,,,,,,,,,,
Northern Mariana Islands,Measles,0.00,,,,0.00,0.00,,,,,0.00,,0.00,0.00,0.00,0.00,0.00,,0.00,0.00,0.00,,,0.00,0.00,,1.00,,0.00,29.00,116.00,7.00,,35.00,1.00,0.00,0.00,,,,,,,
Norway,Measles,2.00,1.00,0.00,4.00,18.00,12.00,1.00,0.00,14.00,3.00,8.00,4.00,39.00,3.00,2.00,4.00,,0.00,0.00,7.00,8.00,5.00,4.00,0.00,,,11.00,23.00,18.00,6.00,7.00,73.00,17.00,95.00,13.00,133.00,563.00,1219.00,1312.00,1775.00,6181.00,10974.00,4586.00,1322.00
"occupied Palestinian territory, including east Jerusalem",Measles,3.00,,11.00,1001.00,228.00,0.00,63.00,,,,,,,1.00,,,,,,,,,,5.00,138.00,40.00,28.00,33.00,,,,,,,,,,,,,,,,
Oman,Measles,25.00,5.00,0.00,7.00,0.00,0.00,9.00,111.00,0.00,,0.00,13.00,5.00,3.00,19.00,18.00,24.00,13.00,25.00,18.00,1.00,5.00,15.00,15.00,9.00,5.00,12.00,46.00,68.00,181.00,3108.00,1834.00,220.00,1262.00,4255.00,6052.00,3804.00,2001.00,4161.00,9652.00,9151.00,16645.00,40679.00,10630.00
Pakistan,Measles,17722.00,8378.00,10399.00,2747.00,2066.00,33007.00,9175.00,2703.00,386.00,1370.00,8749.00,8046.00,4386.00,4321.00,863.00,1129.00,2801.00,7641.00,2981.00,4248.00,4740.00,3903.00,3849.00,2064.00,2940.00,2333.00,1848.00,1090.00,1720.00,1421.00,1967.00,2967.00,617.00,21785.00,2349.00,55543.00,45996.00,42304.00,26686.00,17322.00,21004.00,19890.00,29010.00,28573.00
Palau,Measles,0.00,0.00,,,,,0.00,0.00,0.00,0.00,0.00,0.00,0.00,0.00,0.00,0.00,0.00,0.00,0.00,0.00,,0.00,,0.00,0.00,1.00,0.00,0.00,0.00,0.00,93.00,0.00,0.00,0.00,1.00,0.00,0.00,0.00,0.00,0.00,0.00,0.00,0.00,0.00
Panama,Measles,,0.00,0.00,0.00,0.00,0.00,0.00,0.00,0.00,0.00,0.00,0.00,4.00,0.00,0.00,0.00,0.00,0.00,0.00,0.00,0.00,0.00,0.00,0.00,0.00,0.00,0.00,0.00,19.00,3.00,90.00,845.00,2430.00,1891.00,301.00,378.00,1885.00,4199.00,4295.00,358.00,595.00,4014.00,4332.00,2096.00
Papua New Guinea,Measles,12.00,2.00,0.00,4.00,1.00,19.00,7.00,0.00,38.00,2299.00,12.00,0.00,0.00,0.00,0.00,0.00,0.00,1.00,1222.00,1385.00,3863.00,17620.00,4023.00,7135.00,6304.00,1148.00,678.00,2313.00,3730.00,6821.00,8212.00,6634.00,2740.00,4575.00,9799.00,6543.00,10206.00,19024.00,5680.00,9874.00,10023.00,12771.00,16519.00,12125.00
Paraguay,Measles,0.00,1.00,0.00,0.00,0.00,0.00,0.00,0.00,0.00,0.00,0.00,0.00,0.00,0.00,0.00,0.00,0.00,0.00,0.00,0.00,0.00,0.00,0.00,0.00,0.00,70.00,143.00,13.00,73.00,122.00,2066.00,864.00,526.00,1396.00,386.00,755.00,1742.00,610.00,666.00,979.00,1259.00,531.00,428.00,745.00
Peru,Measles,0.00,0.00,0.00,0.00,2.00,42.00,0.00,0.00,4.00,0.00,0.00,0.00,0.00,0.00,0.00,1.00,0.00,0.00,0.00,0.00,0.00,0.00,0.00,1.00,12.00,10.00,95.00,105.00,353.00,670.00,1730.00,22605.00,1014.00,737.00,1145.00,5785.00,6240.00,6099.00,9393.00,13039.00,7619.00,12708.00,10071.00,19246.00
Philippines,Measles,2892.00,589.00,206.00,3832.00,48525.00,20827.00,2428.00,716.00,619.00,58848.00,2920.00,1536.00,6538.00,6368.00,1469.00,341.00,530.00,9.00,118.00,3025.00,10511.00,7003.00,7360.00,7120.00,2981.00,1984.00,9218.00,,3913.00,3006.00,7541.00,39304.00,29037.00,42938.00,68986.00,70801.00,81896.00,59375.00,62959.00,75290.00,43684.00,35989.00,27031.00,26765.00
Poland,Measles,35.00,27.00,13.00,29.00,1367.00,359.00,63.00,123.00,,,84.00,71.00,,13.00,115.00,,40.00,120.00,13.00,11.00,48.00,34.00,133.00,77.00,99.00,2255.00,338.00,639.00,752.00,864.00,1410.00,3695.00,2419.00,56471.00,7225.00,1005.00,1286.00,6806.00,35680.00,54403.00,11271.00,7620.00,35283.00,24882.00
Portugal,Measles,0.00,0.00,0.00,10.00,10.00,162.00,34.00,34.00,0.00,,1.00,23.00,2.00,5.00,3.00,1.00,0.00,0.00,7.00,5.00,8.00,8.00,,45.00,50.00,96.00,129.00,112.00,192.00,3230.00,881.00,208.00,275.00,407.00,11791.00,2285.00,813.00,,,,,,,
Qatar,Measles,127.00,1.00,1.00,3.00,5.00,2.00,9.00,30.00,18.00,46.00,73.00,160.00,101.00,295.00,112.00,,361.00,144.00,74.00,29.00,24.00,34.00,23.00,46.00,,116.00,439.00,38.00,0.00,31.00,86.00,68.00,563.00,314.00,1083.00,382.00,409.00,2095.00,1410.00,886.00,816.00,506.00,1489.00,392.00
Republic of Korea,Measles,7.00,,0.00,6.00,194.00,15.00,5.00,18.00,7.00,442.00,107.00,2.00,42.00,114.00,17.00,2.00,194.00,28.00,7.00,11.00,33.00,62.00,23060.00,32647.00,,4.00,2.00,71.00,71.00,7883.00,,,,3415.00,2394.00,1579.00,1880.00,1818.00,1283.00,2246.00,695.00,6776.00,2307.00,5097.00
Republic of Moldova,Measles,3.00,,0.00,,90.00,340.00,0.00,0.00,0.00,2.00,27.00,11.00,0.00,0.00,0.00,0.00,10.00,34.00,6.00,4.00,87.00,4929.00,457.00,687.00,245.00,673.00,364.00,344.00,1174.00,3951.00,866.00,322.00,621.00,3242.00,,,,,,,,,,
Romania,Measles,3677.00,17.00,2.00,1004.00,3900.00,6407.00,9076.00,2435.00,4.00,59.00,1159.00,7450.00,4189.00,193.00,8.00,12.00,353.00,3196.00,5043.00,117.00,9.00,14.00,10.00,35.00,240.00,9547.00,23579.00,906.00,2188.00,6228.00,28321.00,6061.00,1773.00,4691.00,3870.00,1810.00,11833.00,34037.00,5007.00,2108.00,4723.00,61682.00,21584.00,10476.00
Russian Federation,Measles,13083.00,102.00,1.00,1212.00,4491.00,2539.00,721.00,178.00,843.00,4711.00,2339.00,2123.00,629.00,129.00,101.00,27.00,173.00,1147.00,454.00,2444.00,3291.00,580.00,2072.00,4800.00,7428.00,6215.00,2874.00,7120.00,6630.00,28672.00,74463.00,18570.00,20449.00,18370.00,,,,,,,,,,
Rwanda,Measles,108.00,29.00,40.00,108.00,818.00,229.00,145.00,95.00,1.00,10.00,17.00,75.00,31.00,121.00,5.00,6.00,26.00,494.00,129.00,386.00,1064.00,2738.00,896.00,2095.00,4359.00,,787.00,3988.00,28874.00,5999.00,9861.00,17429.00,5820.00,8970.00,5429.00,4364.00,12387.00,42749.00,16760.00,17269.00,20001.00,36792.00,79384.00,80402.00
Saint Kitts and Nevis,Measles,0.00,0.00,0.00,0.00,0.00,0.00,0.00,0.00,0.00,0.00,0.00,0.00,0.00,0.00,0.00,0.00,0.00,0.00,0.00,0.00,0.00,0.00,0.00,0.00,0.00,0.00,0.00,0.00,1.00,0.00,0.00,0.00,0.00,80.00,12.00,12.00,21.00,22.00,27.00,2.00,556.00,138.00,52.00,305.00
Saint Lucia,Measles,0.00,0.00,0.00,0.00,0.00,0.00,0.00,0.00,0.00,0.00,0.00,0.00,0.00,0.00,0.00,0.00,0.00,0.00,0.00,0.00,0.00,0.00,0.00,0.00,0.00,0.00,0.00,0.00,2.00,0.00,0.00,0.00,2.00,30.00,10.00,4.00,4.00,32.00,9.00,13.00,71.00,2039.00,134.00,35.00
Saint Vincent and the Grenadines,Measles,,0.00,0.00,0.00,0.00,0.00,0.00,0.00,0.00,0.00,0.00,0.00,0.00,0.00,0.00,0.00,0.00,0.00,0.00,0.00,0.00,0.00,0.00,0.00,0.00,0.00,0.00,0.00,0.00,0.00,0.00,0.00,0.00,1.00,1.00,10.00,1.00,2.00,5.00,15.00,63.00,757.00,19.00,257.00
Samoa,Measles,0.00,0.00,0.00,11.00,5687.00,0.00,3.00,,,,,1.00,0.00,8.00,0.00,,,0.00,0.00,0.00,0.00,,,,,8.00,0.00,87.00,0.00,0.00,7.00,4.00,0.00,0.00,1.00,0.00,0.00,1.00,1095.00,0.00,7.00,28.00,72.00,376.00
San Marino,Measles,0.00,0.00,0.00,0.00,12.00,0.00,0.00,0.00,,,,1.00,0.00,0.00,0.00,,0.00,0.00,0.00,0.00,3.00,,,1.00,0.00,,22.00,,,,6.00,7.00,1.00,1.00,,,,,,,,,,
Sao Tome and Principe,Measles,,,0.00,,0.00,0.00,0.00,0.00,3.00,0.00,0.00,0.00,0.00,0.00,0.00,0.00,0.00,0.00,0.00,0.00,0.00,0.00,0.00,0.00,,,0.00,0.00,23.00,319.00,88.00,0.00,0.00,10.00,,118.00,0.00,69.00,62.00,576.00,216.00,3.00,194.00,519.00
Saudi Arabia,Measles,2254.00,247.00,338.00,35.00,1035.00,1164.00,459.00,125.00,219.00,154.00,1164.00,294.00,362.00,334.00,82.00,158.00,4648.00,807.00,373.00,1880.00,1208.00,311.00,155.00,,2815.00,5519.00,3978.00,2407.00,2574.00,1253.00,3182.00,11299.00,6368.00,5439.00,3588.00,8225.00,29220.00,22830.00,18393.00,30457.00,44633.00,33294.00,35790.00,46115.00
Senegal,Measles,564.00,508.00,187.00,212.00,267.00,12.00,11.00,162.00,58.00,32.00,17.00,46.00,18.00,428.00,999.00,6.00,11.00,3.00,0.00,31.00,1519.00,18184.00,24789.00,5839.00,3668.00,6594.00,6594.00,8069.00,,5944.00,14693.00,15367.00,11427.00,5004.00,10940.00,1596.00,3453.00,6831.00,,,26481.00,32380.00,34516.00,29144.00
Serbia,Measles,50.00,0.00,1.00,0.00,22.00,5076.00,721.00,11.00,383.00,37.00,1.00,0.00,370.00,20.00,1.00,2.00,201.00,2.00,2.00,11.00,15.00,63.00,35.00,38.00,288.00,922.00,4692.00,458.00,524.00,800.00,16777.00,2108.00,991.00,4978.00,16149.00,6629.00,8639.00,14148.00,25325.00,20233.00,12967.00,13826.00,20878.00,37441.00
Seychelles,Measles,0.00,0.00,0.00,27.00,0.00,,0.00,0.00,0.00,0.00,0.00,0.00,0.00,0.00,0.00,0.00,1.00,10.00,0.00,0.00,0.00,0.00,0.00,,2.00,626.00,3.00,2.00,0.00,0.00,0.00,0.00,6.00,13.00,5.00,0.00,2.00,4.00,10.00,19.00,267.00,347.00,4.00,3.00
Sierra Leone,Measles,645.00,731.00,170.00,17.00,40.00,344.00,1873.00,920.00,607.00,1006.00,15.00,678.00,1865.00,1089.00,31.00,44.00,0.00,33.00,29.00,7.00,586.00,568.00,649.00,3575.00,,,361.00,,344.00,114.00,2288.00,914.00,284.00,830.00,625.00,207.00,1000.00,164.00,3351.00,4016.00,4327.00,4102.00,3408.00,3625.00
Singapore,Measles,,,,,152.00,38.00,70.00,,,,138.00,42.00,148.00,50.00,16.00,18.00,15.00,23.00,33.00,96.00,33.00,211.00,408.00,141.00,65.00,114.00,1413.00,,185.00,159.00,0.00,606.00,216.00,143.00,146.00,192.00,123.00,218.00,136.00,2417.00,677.00,1965.00,771.00,
Sint Maarten (Dutch part),Measles,,,,,,0.00,0.00,,,,,,,,,,,,,,,,,,,,,,,,,,,,,,,,,,,,,
Slovakia,Measles,6.00,0.00,0.00,0.00,318.00,565.00,7.00,0.00,1.00,0.00,0.00,0.00,0.00,0.00,0.00,0.00,0.00,0.00,0.00,2.00,1.00,0.00,0.00,0.00,0.00,530.00,620.00,0.00,2.00,29.00,551.00,415.00,211.00,47.00,,,,,,,,,,
Slovenia,Measles,1.00,0.00,0.00,6.00,51.00,9.00,8.00,1.00,18.00,52.00,1.00,2.00,22.00,2.00,0.00,0.00,0.00,0.00,0.00,0.00,0.00,0.00,0.00,,1.00,13.00,9.00,8.00,398.00,134.00,7.00,10.00,32.00,,,,,,,,,,,
Solomon Islands,Measles,0.00,,,,,0.00,0.00,0.00,0.00,,0.00,0.00,0.00,0.00,0.00,0.00,0.00,0.00,0.00,0.00,0.00,0.00,0.00,,,0.00,0.00,0.00,0.00,640.00,1527.00,86.00,45.00,343.00,13779.00,593.00,434.00,0.00,2.00,238.00,923.00,3331.00,2104.00,340.00
Somalia,Measles,3167.00,17361.00,7191.00,2531.00,283.00,9126.00,23039.00,26.00,7497.00,10229.00,3173.00,9983.00,17298.00,115.00,13.00,1081.00,1149.00,7.00,,12008.00,8257.00,9559.00,3571.00,3965.00,5523.00,3075.00,,1830.00,,,,,,,988.00,296.00,222.00,70.00,128.00,487.00,622.00,,,
South Africa,Measles,1033.00,400.00,21.00,40.00,59.00,71.00,210.00,18.00,17.00,66.00,25.00,32.00,92.00,12499.00,5857.00,39.00,31.00,81.00,615.00,830.00,244.00,1043.00,1166.00,1459.00,385.00,977.00,1337.00,6501.00,8845.00,6845.00,12870.00,22745.00,4777.00,10624.00,18268.00,15258.00,22559.00,13459.00,17884.00,16160.00,16735.00,12906.00,15809.00,19193.00
South Sudan,Measles,7957.00,3608.00,,1290.00,3401.00,263.00,487.00,898.00,878.00,441.00,525.00,1952.00,1256.00,,,,,,,,,,,,,,,,,,,,,,,,,,,,,,,
Spain,Measles,15.00,1.00,2.00,89.00,288.00,225.00,161.00,37.00,115.00,154.00,131.00,1204.00,3802.00,302.00,41.00,297.00,267.00,362.00,22.00,26.00,256.00,67.00,,152.00,246.00,446.00,1842.00,4964.00,8849.00,6796.00,11985.00,24460.00,24445.00,21650.00,32908.00,22701.00,35146.00,220109.00,80663.00,38914.00,304350.00,159562.00,146689.00,145322.00
Sri Lanka,Measles,810.00,0.00,,2.00,49.00,1.00,1.00,112.00,1568.00,1686.00,2107.00,51.00,60.00,79.00,21.00,33.00,44.00,0.00,3.00,35.00,65.00,139.00,309.00,16527.00,2417.00,177.00,195.00,158.00,408.00,566.00,558.00,701.00,1896.00,4004.00,780.00,2630.00,3508.00,6235.00,9398.00,13215.00,8171.00,13273.00,6232.00,5032.00
Sudan,Measles,1377.00,,,401.00,3555.00,4980.00,665.00,1767.00,3585.00,676.00,2813.00,8523.00,5616.00,680.00,68.00,129.00,327.00,228.00,1374.00,9562.00,4381.00,4529.00,4362.00,2875.00,3347.00,550.00,350.00,2559.00,841.00,963.00,683.00,17017.00,30014.00,14075.00,15114.00,7466.00,1635.00,27136.00,67589.00,2390.00,2806.00,68171.00,64804.00,50168.00
Suriname,Measles,0.00,0.00,0.00,0.00,0.00,0.00,0.00,0.00,0.00,0.00,0.00,0.00,0.00,0.00,0.00,0.00,0.00,0.00,0.00,0.00,0.00,0.00,0.00,0.00,0.00,0.00,0.00,0.00,0.00,0.00,0.00,0.00,0.00,35.00,0.00,68.00,5.00,37.00,110.00,40.00,17.00,647.00,716.00,254.00
Sweden,Measles,11.00,5.00,0.00,5.00,20.00,43.00,41.00,3.00,22.00,26.00,51.00,30.00,26.00,6.00,3.00,25.00,1.00,19.00,13.00,5.00,3.00,9.00,5.00,59.00,,,62.00,44.00,23.00,21.00,25.00,57.00,25.00,29.00,62.00,38.00,,173.00,326.00,1003.00,4626.00,6223.00,3540.00,1786.00
Switzerland,Measles,52.00,1.00,0.00,37.00,,50.00,105.00,65.00,35.00,23.00,175.00,61.00,621.00,77.00,958.00,2022.00,1015.00,,60.00,39.00,574.00,,700.00,,800.00,2000.00,6400.00,2000.00,1400.00,1400.00,3000.00,4300.00,2700.00,1990.00,2700.00,7600.00,7400.00,,,,,,,
Syrian Arab Republic,Measles,744.00,217.00,11.00,15.00,27.00,329.00,737.00,66.00,45.00,594.00,740.00,13.00,13.00,26.00,22.00,19.00,403.00,517.00,375.00,189.00,801.00,538.00,290.00,146.00,3.00,5400.00,6850.00,2060.00,1362.00,1334.00,2300.00,374.00,359.00,535.00,729.00,58.00,292.00,2154.00,425.00,1405.00,879.00,800.00,1729.00,1478.00
Tajikistan,Measles,294.00,454.00,10.00,168.00,7.00,0.00,654.00,52.00,3.00,0.00,1.00,16.00,1.00,0.00,0.00,0.00,2.00,3.00,,4.00,2144.00,927.00,38.00,192.00,177.00,3070.00,3882.00,42.00,56.00,531.00,5045.00,2439.00,1241.00,6897.00,,,,,,,,,,
Thailand,Measles,64.00,64.00,,,5412.00,6035.00,1946.00,652.00,154.00,,2641.00,5197.00,3156.00,2583.00,6071.00,7790.00,3893.00,3588.00,3526.00,4165.00,4519.00,10315.00,7319.00,4074.00,3167.00,13734.00,15122.00,5757.00,11112.00,38659.00,17851.00,7892.00,26709.00,29244.00,14862.00,36092.00,42172.00,19545.00,32156.00,47205.00,34713.00,27691.00,24298.00,16795.00
Timor-Leste,Measles,7.00,8.00,,2.00,22.00,0.00,0.00,2.00,43.00,47.00,4.00,16.00,763.00,50.00,10.00,0.00,0.00,90.00,203.00,41.00,94.00,0.00,,,,,,,,,,,,,,,,,,,,,,
Togo,Measles,686.00,722.00,82.00,91.00,69.00,38.00,46.00,15.00,20.00,577.00,564.00,238.00,187.00,120.00,425.00,187.00,8.00,26.00,38.00,61.00,295.00,363.00,1833.00,3578.00,2540.00,3771.00,450.00,223.00,6144.00,7298.00,4017.00,6959.00,9934.00,4548.00,3499.00,17577.00,10111.00,13119.00,25729.00,25869.00,19403.00,21925.00,19043.00,33960.00
Tokelau,Measles,,,,,0.00,0.00,5.00,,,,,0.00,0.00,0.00,0.00,,,,0.00,0.00,0.00,,0.00,0.00,0.00,0.00,0.00,0.00,0.00,,0.00,0.00,0.00,0.00,0.00,0.00,0.00,1.00,41.00,0.00,1.00,0.00,0.00,0.00
Tonga,Measles,12.00,,,,659.00,0.00,0.00,0.00,,,0.00,0.00,0.00,0.00,0.00,0.00,0.00,0.00,0.00,0.00,0.00,0.00,4.00,0.00,6.00,36.00,1081.00,0.00,0.00,,0.00,10.00,18.00,65.00,25.00,0.00,0.00,233.00,412.00,5.00,36.00,19.00,187.00,2336.00
Trinidad and Tobago,Measles,0.00,,0.00,0.00,0.00,0.00,0.00,0.00,0.00,0.00,0.00,0.00,0.00,0.00,0.00,0.00,0.00,0.00,0.00,0.00,0.00,0.00,0.00,0.00,0.00,0.00,1.00,0.00,0.00,0.00,0.00,0.00,141.00,511.00,2170.00,388.00,441.00,2660.00,3549.00,3556.00,2392.00,1284.00,3601.00,384.00
Tunisia,Measles,10.00,11.00,7.00,20.00,4669.00,13.00,5.00,7.00,16.00,15.00,16.00,48.00,11.00,1.00,1.00,2.00,4.00,3.00,15.00,1.00,22.00,98.00,231.00,47.00,101.00,123.00,371.00,533.00,676.00,597.00,1413.00,11872.00,1250.00,547.00,1147.00,288.00,573.00,3740.00,4766.00,2481.00,1464.00,1828.00,3007.00,225.00
Turkmenistan,Measles,0.00,0.00,0.00,0.00,0.00,0.00,0.00,0.00,0.00,0.00,0.00,0.00,0.00,0.00,0.00,0.00,59.00,48.00,0.00,1.00,1.00,11.00,9.00,113.00,452.00,1035.00,377.00,96.00,393.00,2613.00,2486.00,692.00,1346.00,2806.00,,,,,,,,,,
Turks and Caicos Islands,Measles,0.00,0.00,0.00,0.00,0.00,0.00,0.00,,,,,,,,,,,,,,0.00,0.00,0.00,0.00,0.00,0.00,0.00,0.00,4.00,0.00,0.00,0.00,8.00,2.00,0.00,0.00,0.00,0.00,2.00,6.00,100.00,3.00,16.00,4.00
Tuvalu,Measles,,,,,0.00,,,,,,,0.00,0.00,0.00,0.00,0.00,0.00,0.00,0.00,0.00,0.00,0.00,0.00,,0.00,,14.00,51.00,1.00,0.00,0.00,1.00,0.00,,0.00,0.00,284.00,0.00,0.00,2.00,0.00,20.00,3.00,509.00
Türkiye,Measles,,103.00,,,2904.00,716.00,84.00,9.00,342.00,565.00,7405.00,349.00,111.00,7.00,4.00,0.00,3.00,34.00,6200.00,8927.00,5844.00,7823.00,30509.00,16244.00,16329.00,27120.00,22795.00,27171.00,13544.00,23733.00,34285.00,24626.00,22521.00,11372.00,19273.00,9279.00,2194.00,2267.00,14695.00,30666.00,31515.00,8778.00,26547.00,8618.00
Uganda,Measles,399.00,52.00,606.00,314.00,920.00,2627.00,1021.00,139.00,478.00,314.00,7878.00,2027.00,3312.00,1313.00,1601.00,1319.00,3776.00,5736.00,22.00,141.00,29429.00,49871.00,48543.00,42554.00,42737.00,42528.00,12562.00,26198.00,42659.00,49815.00,,36511.00,,2637.00,660.00,1666.00,,,,20072.00,43016.00,11408.00,18630.00,13415.00
Ukraine,Measles,66.00,11.00,16.00,264.00,57282.00,53219.00,4782.00,102.00,105.00,,,12746.00,1333.00,39.00,,48.00,1005.00,42724.00,2392.00,146.00,411.00,7587.00,16970.00,817.00,1389.00,5107.00,7000.00,8678.00,1923.00,9837.00,23452.00,13289.00,5321.00,6841.00,,,,,,,,,,
United Arab Emirates,Measles,484.00,98.00,35.00,50.00,187.00,172.00,121.00,223.00,347.00,344.00,,132.00,,87.00,,55.00,,,29.00,22.00,42.00,53.00,30.00,69.00,117.00,296.00,243.00,425.00,671.00,518.00,745.00,1063.00,1148.00,1187.00,1068.00,1187.00,2913.00,2158.00,2400.00,1749.00,2105.00,1691.00,2820.00,2796.00
United Kingdom of Great Britain and Northern Ireland,Measles,493.00,63.00,2.00,95.00,1092.00,1216.00,364.00,558.00,91.00,133.00,1919.00,2092.00,1112.00,443.00,1212.00,1445.00,1022.00,764.00,79.00,189.00,460.00,314.00,73.00,104.00,,74.00,4844.00,6866.00,9017.00,23525.00,12018.00,12317.00,11727.00,28228.00,30160.00,88259.00,44850.00,90214.00,104774.00,67632.00,114948.00,105642.00,61779.00,147962.00
United Republic of Tanzania,Measles,2887.00,612.00,0.00,127.00,120.00,74.00,852.00,33.00,30.00,88.00,185.00,1668.00,1622.00,167.00,1574.00,3413.00,7726.00,2362.00,23.00,1419.00,1673.00,5131.00,11847.00,14649.00,5887.00,10023.00,7287.00,10676.00,3160.00,3558.00,16471.00,13040.00,27188.00,14920.00,7033.00,14568.00,42109.00,38229.00,46032.00,39311.00,68804.00,102127.00,79764.00,63100.00
United States of America,Measles,,,14.00,1275.00,,375.00,120.00,85.00,188.00,667.00,187.00,55.00,220.00,63.00,71.00,140.00,43.00,55.00,66.00,37.00,56.00,41.00,116.00,85.00,100.00,100.00,138.00,489.00,309.00,958.00,312.00,2231.00,9643.00,27786.00,18193.00,3396.00,3655.00,6282.00,2822.00,2587.00,1497.00,1714.00,3124.00,13506.00
Uruguay,Measles,0.00,0.00,0.00,2.00,9.00,0.00,0.00,0.00,0.00,0.00,0.00,0.00,0.00,0.00,0.00,0.00,0.00,0.00,0.00,0.00,0.00,0.00,0.00,0.00,34.00,6.00,2.00,2.00,5.00,0.00,16.00,187.00,2040.00,110.00,20.00,76.00,1190.00,198.00,160.00,352.00,18.00,135.00,15465.00,141.00
Uzbekistan,Measles,1176.00,7.00,0.00,4103.00,1672.00,22.00,0.00,1.00,22.00,8.00,0.00,,476.00,117.00,0.00,2.00,863.00,823.00,737.00,75.00,85.00,25.00,22.00,80.00,1193.00,875.00,261.00,228.00,294.00,1661.00,2354.00,2020.00,3878.00,3943.00,,,,,,,,,,
Vanuatu,Measles,0.00,0.00,0.00,0.00,0.00,0.00,,,39.00,10.00,0.00,0.00,0.00,0.00,0.00,0.00,0.00,0.00,3.00,,165.00,101.00,7.00,9.00,12.00,,113.00,4.00,27.00,27.00,67.00,154.00,541.00,67.00,169.00,140.00,253.00,1064.00,940.00,1634.00,401.00,832.00,45.00,39.00
Venezuela (Bolivarian Republic of),Measles,0.00,0.00,0.00,0.00,548.00,5667.00,727.00,0.00,0.00,0.00,0.00,1.00,0.00,0.00,0.00,0.00,32.00,78.00,0.00,0.00,0.00,2392.00,115.00,22.00,0.00,4.00,27.00,89.00,172.00,15364.00,20244.00,11949.00,15273.00,9881.00,10160.00,12339.00,19261.00,14026.00,21974.00,11833.00,11263.00,14200.00,31255.00,9750.00
Viet Nam,Measles,43.00,23.00,162.00,846.00,14156.00,2256.00,227.00,46.00,256.00,15033.00,1123.00,578.00,750.00,2809.00,6582.00,352.00,17.00,1978.00,410.00,217.00,2297.00,6755.00,12058.00,16512.00,14134.00,11690.00,6507.00,5156.00,6171.00,11853.00,12015.00,11830.00,9874.00,8175.00,22332.00,23308.00,30460.00,68463.00,82231.00,87796.00,125176.00,72466.00,62400.00,86901.00
Wallis and Futuna,Measles,,,,,,0.00,,,,,0.00,0.00,,,,,0.00,,,,0.00,,,0.00,0.00,0.00,0.00,,13.00,9.00,9.00,0.00,,,0.00,0.00,,,,4.00,65.00,87.00,18.00,342.00
Yemen,Measles,49755.00,23941.00,4904.00,298.00,1161.00,10640.00,433.00,143.00,468.00,815.00,400.00,2177.00,2676.00,510.00,130.00,7.00,13.00,8079.00,6285.00,12708.00,8536.00,890.00,485.00,,26126.00,8785.00,51.00,,225.00,35.00,601.00,2420.00,75.00,,26681.00,10424.00,17408.00,15596.00,27997.00,39713.00,33348.00,24482.00,21355.00,18020.00
Zambia,Measles,5653.00,1755.00,55.00,237.00,15.00,11.00,13.00,8.00,9.00,9.00,35.00,896.00,13234.00,15754.00,26.00,140.00,535.00,459.00,45.00,35.00,881.00,25036.00,16997.00,30930.00,23518.00,,7140.00,9459.00,8533.00,14255.00,11829.00,11006.00,2822.00,6748.00,5747.00,12487.00,14793.00,23866.00,51000.00,36881.00,51140.00,73499.00,184210.00,98659.00
Zimbabwe,Measles,5532.00,5532.00,282.00,3.00,4.00,1.00,1.00,1.00,0.00,0.00,0.00,0.00,0.00,9696.00,853.00,0.00,242.00,212.00,420.00,31.00,998.00,304.00,529.00,1483.00,772.00,2049.00,12971.00,37407.00,8529.00,37785.00,34071.00,17346.00,24090.00,13728.00,47509.00,49812.00,17675.00,20388.00,22290.00,21662.00,36253.00,4941.00,4995.00,23650.00
Exported: 2024-28-12 0:6 UTC,,,,,,,,,,,,,,,,,,,,,,,,,,,,,,,,,,,,,,,,,,,,,